guid,other
128a3dd0-f872-11e8-b568-0800200c9a66,ra-ma-kris-dasa-98765
128a3dd1-f872-11e8-b568-0800200c9a66,593-907-876
128a3dd2-f872-11e8-b568-0800200c9a66,5524962660
128a3dd3-f872-11e8-b568-0800200c9a66,1297-648-561
128a3dd4-f872-11e8-b568-0800200c9a66,128a3dd3-f87248-11e822-b56890-0800200c9a66
128a3dd5-f872-11e8-b568-0800200c9a66,128a3dd3-f87248-11e822-b56890-0800200c9a67
128a64e0-f872-11e8-b568-0800200c9a66,128a3dd3-f87248-11e822-b56890-0800200c9a68
128a64e1-f872-11e8-b568-0800200c9a66,128a3dd3-f87248-11e822-b56890-0800200c9a69
128a64e2-f872-11e8-b568-0800200c9a66,128a3dd3-f87248-11e822-b56890-0800200c9a70
128a64e3-f872-11e8-b568-0800200c9a66,128a3dd3-f87248-11e822-b56890-0800200c9a71
128a64e4-f872-11e8-b568-0800200c9a66,128a3dd3-f87248-11e822-b56890-0800200c9a72
128a64e5-f872-11e8-b568-0800200c9a66,128a3dd3-f87248-11e822-b56890-0800200c9a73
128a64e6-f872-11e8-b568-0800200c9a66,128a3dd3-f87248-11e822-b56890-0800200c9a74
128a64e7-f872-11e8-b568-0800200c9a66,128a3dd3-f87248-11e822-b56890-0800200c9a75
128a64e8-f872-11e8-b568-0800200c9a66,128a3dd3-f87248-11e822-b56890-0800200c9a76
128a64e9-f872-11e8-b568-0800200c9a66,128a3dd3-f87248-11e822-b56890-0800200c9a77
128a64ea-f872-11e8-b568-0800200c9a66,128a3dd3-f87248-11e822-b56890-0800200c9a78
128a8bf0-f872-11e8-b568-0800200c9a66,128a3dd3-f87248-11e822-b56890-0800200c9a79
128a8bf1-f872-11e8-b568-0800200c9a66,128a3dd3-f87248-11e822-b56890-0800200c9a80
128a8bf2-f872-11e8-b568-0800200c9a66,128a3dd3-f87248-11e822-b56890-0800200c9a81
128a8bf3-f872-11e8-b568-0800200c9a66,128a3dd3-f87248-11e822-b56890-0800200c9a82
128a8bf4-f872-11e8-b568-0800200c9a66,128a3dd3-f87248-11e822-b56890-0800200c9a83
128a8bf5-f872-11e8-b568-0800200c9a66,128a3dd3-f87248-11e822-b56890-0800200c9a84
128a8bf6-f872-11e8-b568-0800200c9a66,128a3dd3-f87248-11e822-b56890-0800200c9a85
128a8bf7-f872-11e8-b568-0800200c9a66,128a3dd3-f87248-11e822-b56890-0800200c9a86
128a8bf8-f872-11e8-b568-0800200c9a66,128a3dd3-f87248-11e822-b56890-0800200c9a87
128a8bf9-f872-11e8-b568-0800200c9a66,128a3dd3-f87248-11e822-b56890-0800200c9a88
128a8bfa-f872-11e8-b568-0800200c9a66,128a3dd3-f87248-11e822-b56890-0800200c9a89
128a8bfb-f872-11e8-b568-0800200c9a66,128a3dd3-f87248-11e822-b56890-0800200c9a90
128ab300-f872-11e8-b568-0800200c9a66,128a3dd3-f87248-11e822-b56890-0800200c9a91
128ab301-f872-11e8-b568-0800200c9a66,128a3dd3-f87248-11e822-b56890-0800200c9a92
128ab302-f872-11e8-b568-0800200c9a66,128a3dd3-f87248-11e822-b56890-0800200c9a93
128ab303-f872-11e8-b568-0800200c9a66,128a3dd3-f87248-11e822-b56890-0800200c9a94
128ab304-f872-11e8-b568-0800200c9a66,128a3dd3-f87248-11e822-b56890-0800200c9a95
128ab305-f872-11e8-b568-0800200c9a66,128a3dd3-f87248-11e822-b56890-0800200c9a96
128ab306-f872-11e8-b568-0800200c9a66,128a3dd3-f87248-11e822-b56890-0800200c9a97
128ab307-f872-11e8-b568-0800200c9a66,128a3dd3-f87248-11e822-b56890-0800200c9a98
128ab308-f872-11e8-b568-0800200c9a66,8169580153
128ab309-f872-11e8-b568-0800200c9a66,0334-548-988
128ab30a-f872-11e8-b568-0800200c9a66,1.82676E+11
128ada10-f872-11e8-b568-0800200c9a66,2.7369E+11
128ada11-f872-11e8-b568-0800200c9a66,1599-274-274
128ada12-f872-11e8-b568-0800200c9a66,0755-533-348
128ada13-f872-11e8-b568-0800200c9a66,rama-7896-2431-AABD-198901
128ada14-f872-11e8-b568-0800200c9a66,rama-7896-2431-AABD-198902
128ada15-f872-11e8-b568-0800200c9a66,rama-7896-2431-AABD-198903
128ada16-f872-11e8-b568-0800200c9a66,rama-7896-2431-AABD-198904
128ada17-f872-11e8-b568-0800200c9a66,rama-7896-2431-AABD-198905
128ada18-f872-11e8-b568-0800200c9a66,rama-7896-2431-AABD-198906
128b0120-f872-11e8-b568-0800200c9a66,rama-7896-2431-AABD-198907
128b0121-f872-11e8-b568-0800200c9a66,rama-7896-2431-AABD-198908
128b0122-f872-11e8-b568-0800200c9a66,rama-7896-2431-AABD-198909
128b0123-f872-11e8-b568-0800200c9a66,rama-7896-2431-AABD-198910
128b0124-f872-11e8-b568-0800200c9a66,rama-7896-2431-AABD-198911
128b0125-f872-11e8-b568-0800200c9a66,rama-7896-2431-AABD-198912
128b0126-f872-11e8-b568-0800200c9a66,rama-7896-2431-AABD-198913
128b0127-f872-11e8-b568-0800200c9a66,rama-7896-2431-AABD-198914
128b0128-f872-11e8-b568-0800200c9a66,rama-7896-2431-AABD-198915
128b0129-f872-11e8-b568-0800200c9a66,rama-7896-2431-AABD-198916
128b012a-f872-11e8-b568-0800200c9a66,rama-7896-2431-AABD-198917
128b012b-f872-11e8-b568-0800200c9a66,rama-7896-2431-AABD-198918
128b012c-f872-11e8-b568-0800200c9a66,rama-7896-2431-AABD-198919
128b2830-f872-11e8-b568-0800200c9a66,rama-7896-2431-AABD-198920
128b2831-f872-11e8-b568-0800200c9a66,rama-7896-2431-AABD-198921
128b2832-f872-11e8-b568-0800200c9a66,rama-7896-2431-AABD-198922
128b2833-f872-11e8-b568-0800200c9a66,rama-7896-2431-AABD-198923
128b2834-f872-11e8-b568-0800200c9a66,rama-7896-2431-AABD-198924
128b2835-f872-11e8-b568-0800200c9a66,rama-7896-2431-AABD-198925
128b2836-f872-11e8-b568-0800200c9a66,rama-7896-2431-AABD-198926
128b2837-f872-11e8-b568-0800200c9a66,rama-7896-2431-AABD-198927
128b2838-f872-11e8-b568-0800200c9a66,rama-7896-2431-AABD-198928
128b2839-f872-11e8-b568-0800200c9a66,rama-7896-2431-AABD-198929
128b283a-f872-11e8-b568-0800200c9a66,rama-7896-2431-AABD-198930
128b283b-f872-11e8-b568-0800200c9a66,rama-7896-2431-AABD-198931
128b283c-f872-11e8-b568-0800200c9a66,rama-7896-2431-AABD-198932
128b283d-f872-11e8-b568-0800200c9a66,rama-7896-2431-AABD-198933
128b283e-f872-11e8-b568-0800200c9a66,rama-7896-2431-AABD-198934
128b283f-f872-11e8-b568-0800200c9a66,rama-7896-2431-AABD-198935
128b4f40-f872-11e8-b568-0800200c9a66,rama-7896-2431-AABD-198936
128b4f41-f872-11e8-b568-0800200c9a66,rama-7896-2431-AABD-198937
128b4f42-f872-11e8-b568-0800200c9a66,rama-7896-2431-AABD-198938
128b4f43-f872-11e8-b568-0800200c9a66,rama-7896-2431-AABD-198939
128b4f44-f872-11e8-b568-0800200c9a66,rama-7896-2431-AABD-198940
128b4f45-f872-11e8-b568-0800200c9a66,rama-7896-2431-AABD-198941
128b4f46-f872-11e8-b568-0800200c9a66,20427061-RAMA
128b4f47-f872-11e8-b568-0800200c9a66,166-505-516
128b4f48-f872-11e8-b568-0800200c9a66,447233638428-A-B-C-D
128b4f49-f872-11e8-b568-0800200c9a66,3225997117
128b4f4a-f872-11e8-b568-0800200c9a66,244767408778AB-cc-dd-ee
128b4f4b-f872-11e8-b568-0800200c9a66,9989-845-158
128b4f4c-f872-11e8-b568-0800200c9a66,3789202841
128b4f4d-f872-11e8-b568-0800200c9a66,593-907-879
128b4f4e-f872-11e8-b568-0800200c9a66,5524962663
128b4f4f-f872-11e8-b568-0800200c9a66,1297-648-564
128b7650-f872-11e8-b568-0800200c9a66,83262829205
128b7651-f872-11e8-b568-0800200c9a66,2764-922-416
128b7652-f872-11e8-b568-0800200c9a66,7184045296
128b7653-f872-11e8-b568-0800200c9a66,6855533677
128b7654-f872-11e8-b568-0800200c9a66,0334-548-990
128b7655-f872-11e8-b568-0800200c9a66,5.46734E+11
55056ffc-c54d-4bf5-a51c-052e33725af8,6.37748E+11
95b3acc1-a89b-430e-b162-0403add389e0,1599-274-276
6e396569-65d3-4b67-b25a-9c606517de20,0755-533-350
219df96f-5c4f-4d99-a4d7-adc28c2b8ecb,-49403764046
27dd2818-018a-49f4-bf06-a321748bdfa5,-56598197526
c830a88f-af2a-478a-831c-6f0d109c9e08,-63792631007
7a964ca1-b97c-4670-a184-099e840e9f90,-70987064487
6b9e2bb0-9a49-48de-a5ca-9d6b626a2115,1006-941-347-abc
bd52e0d7-94f6-45a9-8b76-04ae4bd64ea7,900794683030-45
b6dc6632-7e53-4cdc-bd91-01f726f155a4,100-628-919
9ba9db0d-f32d-48ea-b07d-12b7a35146d3,9577126
9ee223da-e94a-4b02-a149-ef35023271ee,600-254-305
c9ac7cfc-5806-4c14-a83a-4de64d4429d2,73648417--
71481afb-67e9-4335-a092-044c942c5371,3990592089-UDF
9cc2efa2-2e38-41af-b382-1b21862d3a78,20427061-RAMA
08377b0b-e49d-47ab-9aeb-8eff1cf7f96d,166-505-517
815e025e-692e-40b5-b73e-ed60118b6585,447233638428-A-B-C-D
e3d2d5f1-7937-4b7a-bcf5-c89dc1c83d1b,3225997118
895fbb93-3d82-4b0a-9144-583586025def,244767408778AB-cc-dd-ee
7df8fa0d-a999-48a0-9ea0-ed044c394b60,9989-845-159
b62a969f-8b60-4599-823d-133a8cd1ed23,3789202842
8f774d39-700c-4c9e-9b30-cc944426c8d9,593-907-880
5d82b852-ce46-48e3-bed8-34b8acfecf47,5524962664
15813faf-7d6e-48f5-b0d8-230e04e02ee7,1297-648-565
03ca2353-b081-4b72-ac18-354b26a22f7b,83262829206
f5cac5c3-c485-4bab-be3c-56e68f4215a3,2764-922-417
9e2d904f-9b6a-45a0-bb9a-79897187696e,6527022058
50201bc1-f691-4439-966a-2daedd8dd4de,6198510439
de4cc1d1-8d53-483e-96f4-4d32c850c248,0334-548-991
d24c72bb-a63c-4cb5-85b5-9523aadda7dc,7.28763E+11
4200901c-658f-4c09-8855-9c7abd1400cd,8.19778E+11
93b91429-133e-478c-ae1f-568da111ea95,1599-274-277
0cf5ade7-eeba-4640-ace0-73d297340e01,0755-533-351
a4f07534-bd54-4634-8ce7-84ee5341a8a9,-78181497967
ac53756c-96d1-4929-bf7d-b85f42490afc,-85375931447
3af69c58-bc50-4372-a299-a92ddb0f08b2,-92570364928
3046734d-1b96-441a-8cbf-0f977262bbfc,-99764798408
a61b8b1f-b5ff-4374-b53d-742cadc562b6,1006-941-347-abc
5a941efb-1e53-438b-9b95-6ce4f975ffbe,900794683030-46
2bc0c4c8-9dbb-411e-a77f-a0e61b9fb8b9,100-628-920
788001a7-38a0-4ade-acdc-dd9718cd7160,9577127
e823897e-d8cc-4cd1-a97b-9ed35e56a6b9,600-254-306
c52e3eaf-0207-43a5-8c83-439596d16cad,73648417--
06b9489d-8adc-425b-8416-ce4844a3d067,3990592089-UDF
b11e652b-39b4-4095-a29b-9954b7179f39,20427061-RAMA
1dd73d5f-3e5c-44a4-9ba6-12fcbc9ac0cd,166-505-518
ef4b394f-f618-4129-9397-a33afac6318a,447233638428-A-B-C-D
002377fb-f4de-4a55-95b1-dcafab709a69,3225997119
e706ab10-74cc-4a70-8632-93e30cc1cab4,244767408778AB-cc-dd-ee
c5b93ea9-ee8d-401c-aee2-9eee2e316e65,9989-845-160
d9ff1d59-11b5-49b1-8a49-43589b28ac53,3789202843
a16b9673-076c-4f0f-8921-56b9d3060101,593-907-881
d3571a4c-d6e9-4c95-b491-3e290ddab00f,5524962665
a4baa3f7-b7f6-4da4-aa31-d06922227ffd,1297-648-566
23b3efc7-ce79-4497-a636-110a495b585c,83262829207
c6ffc316-1caf-4f3e-91e2-51e3da69b8a1,2764-922-418
fb7cd398-d905-4c7b-ae47-d2aac7548b2f,5869998820
29089c0b-fae6-4af7-a712-fb0b8dd3ff19,5541487201
f1853cbe-b48d-4806-abb5-992036ce3bff,0334-548-992
7ea4f5a5-4ede-4f9f-9909-3ac2540c7ecc,9.10792E+11
d4d6db4d-36ab-4c06-bf92-03d99d5ccd5d,1.00181E+12
c9b14707-5ad8-4fdc-a377-e2875bb0d1e2,1599-274-278
f3bbbd28-e19c-4566-8fde-1a443441a4a2,0755-533-352
eace1c97-652a-4725-92ff-126429a1574c,-1.06959E+11
1b96dd05-353c-4e6e-8abf-35c964367e3b,-1.14154E+11
508a025b-05da-4c6f-8ae9-d6cbbf8c49a9,-1.21348E+11
ef7d5cb4-eaec-4912-a5cf-7889092d05fd,-1.28543E+11
9478651e-0302-47c7-a185-43beadc22d08,1006-941-347-abc
91b46c02-657f-4347-a957-be834e6ba949,900794683030-47
30cb8b48-0b69-4a09-8edb-8bff9a664b6d,100-628-921
69fb7ffa-aef1-47b7-b196-b10c158c7d89,9577128
6fe720bf-edee-4e54-9099-8acf2cf5c381,600-254-307
ae2f8b07-554d-4f60-b3dc-c052e51f28fc,73648417--
3af262d0-f1d1-46b5-8460-2fb011f351eb,3990592089-UDF
78bec589-f87c-4721-9daf-82ed2655c154,20427061-RAMA
b59a21e4-271b-41f5-a347-297f768f1ec3,166-505-519
175e6537-34d2-4a8e-ae8a-0f044e195217,447233638428-A-B-C-D
2011cc76-689f-45b7-8cf1-1e4b4e173870,3225997120
4c40b6e2-b1c8-4a75-92c5-9a5c45f51c43,244767408778AB-cc-dd-ee
f1f75e8b-611c-42c0-a6b7-c568f8734639,9989-845-161
631cfd66-56f5-40dc-b16d-95084b92ab6c,3789202844
f1f078df-873b-4c44-8ff9-77d9149a8b8d,593-907-882
cf3776ab-5de0-4620-94e1-960a59b04f70,5524962666
a2c7e18f-7a33-47a9-bd59-d7ca1271b861,1297-648-567
84340c98-9fd6-46ce-b322-fc35cd39d7f8,83262829208
90927d1e-33cc-443f-aeff-485e8b45dc5b,2764-922-419
1615788b-3378-4eda-aaab-20b6a92b186a,5212975582
265e53fb-cc45-4950-bc6c-13349aa3fe98,4884463963
25ec790c-5360-4841-8e69-a5a7562a36f8,0334-548-993
ddf24fba-403a-4408-b577-ecd7f9859557,1.09282E+12
e458fa53-4664-47b9-9a46-7cd6b208a75d,1.18384E+12
f07e72f4-3676-4d5c-9d50-046d8938562f,1599-274-279
123abaea-ca6d-43f7-9e0b-8fe91d914d93,0755-533-353
f802b32e-34c7-4eff-8c8c-d54938f9b224,-1.35737E+11
73fba55e-9a25-4863-8b30-d02db3f069a7,-1.42931E+11
3a578a4d-b36d-4d5a-b1d6-cecd3be84316,-1.50126E+11
d24925bc-5c0f-404a-8928-e6d2add74c81,-1.5732E+11
9cfb0310-afb3-4103-aeab-03db35943c36,1006-941-347-abc
7deb02a4-d210-404b-822c-fb7c56759686,900794683030-48
613c361a-63fa-48b5-999f-9921af32c885,100-628-922
D33B0EB9-E162-4C2A-9582-1D9482B9F9E9,9577129
41783B07-4A8E-4C31-BA58-400A733B4901,600-254-308
F162C342-019A-4718-9AC6-C2C37513D8C0,73648417--
1FE605EB-8A75-422B-80E0-AE0390D6FB70,3990592089-UDF
1D4923BD-2BA3-4F48-8E49-1ECC4FE28570,20427061-RAMA
E3445589-9A3F-4D0D-AC24-003F6FE89260,166-505-520
BADD4628-D264-43EE-93BB-36934A9F7447,447233638428-A-B-C-D
6D9FA58A-8A55-42C4-A663-F1C81CC1726F,3225997121
8341A92D-6FB9-47A3-BFC1-690F63FD04A4,244767408778AB-cc-dd-ee
0C578A37-8A92-4A0F-8811-A4C9365355DD,9989-845-162
61DCE972-4ABD-412E-AB21-A3E61A8A0EFD,3789202845
2A907EC0-60D7-4636-8B39-4BAF4535ADAC,593-907-883
6BF50BBF-99A8-499B-ADCA-ABEF6B96DCB1,5524962667
2000E9F3-E30A-45AE-A829-803214C44A88,1297-648-568
F953E5F7-D117-4781-8F10-0A48A63BA041,83262829209
8AEA2AFB-87AB-477D-B8A0-F5697F0C1ABA,2764-922-420
8695A405-8679-4EFB-9432-C1193D0376CF,4555952344
5FA5CECD-9C5B-42C2-9D7B-529118C5A36F,4227440725
1DA61C57-C844-458A-B0D3-787B25A5731C,0334-548-994
24B6693E-CD1D-444C-AAFE-9B4F07582049,1.27485E+12
5B0BBBD6-2AE9-4699-9A8A-9BBA7CD28A06,1.36586E+12
B9564412-C14B-4BF3-BD06-23E9F1887156,1599-274-280
E2C0D6D7-F965-4BF9-9B1C-C12D2B674323,0755-533-354
75C7A9BF-0771-4A7E-9DA2-9AA8439977C3,-1.64515E+11
F82B35A4-0289-4D55-B215-B90818D0632B,-1.71709E+11
3135FD72-48A9-4F81-84D9-2DAD9B15228F,-1.78904E+11
4CABED8E-D9C6-42B0-AE66-B250BDF0E123,-1.86098E+11
D46030C1-AE17-45D5-97AA-5C1A966D83C6,1006-941-347-abc
736B03CD-4B37-4623-B50D-0D1E9B0B55CA,900794683030-49
591EAC94-8761-4E72-90C1-81FFB4EF70D4,100-628-923
4EC6990F-7061-4760-BD85-E22468D332BC,9577130
0E0FE7F6-C97E-49CE-A58E-DE49082B2E13,600-254-309
CB3B2115-48C5-40BA-A5C9-13F210BB4896,73648417--
9AAF9A2A-FCE4-489B-AAC2-D93D3C5B4048,3990592089-UDF
57CD67B1-0B3A-4975-ABB8-A71ED5740D8D,20427061-RAMA
A31D5EB0-83D1-4D4F-BA1F-EEE91D63F9A7,166-505-521
6A411382-8467-4AB0-8AB6-32CB6194DC17,447233638428-A-B-C-D
04604729-FEB5-4CD1-9DE7-E5E4109B8EC4,3225997122
39AD8F73-6A50-43BF-8D61-C36CCA764211,244767408778AB-cc-dd-ee
7CFF7BE4-749F-49B3-BC4B-EAF190EAC135,9989-845-163
498CE120-E1EE-49F8-9265-6D19E0E73999,3789202846
8A06E840-3F32-4CD5-9324-C2F783D3EE77,593-907-884
1FB0AE8C-344C-4468-A3EE-4BC97F1CA940,5524962668
7ED247FF-B0F3-4598-8521-D34D82A9E136,1297-648-569
982ABB9D-051B-490D-B4EF-B9C3BF82DD48,83262829210
8D0A9907-B3D5-461B-B466-5EA49BD8D22D,2764-922-421
F9197C4D-5E2F-49B7-891C-623D204151AA,3898929106
EB10F95C-4225-4AE7-A9ED-86E760A2FAD6,3570417487
6386F685-113E-488C-BF85-754271A63FA1,0334-548-995
6CB5F44A-27FE-4359-90EF-C063490E3BEF,1.45688E+12
D5F5BC21-A160-4B01-8796-425BEA9B40F2,1.54789E+12
631D0BE4-0112-4EA2-A26B-319FFD775615,1599-274-281
0E1AA62D-B685-4E8C-94DD-412D5FC2D5B3,0755-533-355
A3F5FD89-B32E-46B4-ACF2-4E05A32F7A21,-1.93292E+11
C4A98873-E20F-4915-A745-F86F3E64888C,-2.00487E+11
3581AAB8-14D3-47B3-ACE5-FD6E238BD57A,-2.07681E+11
E0C664D6-BD67-47F6-8A40-9CB947CF83E7,-2.14876E+11
02F2EC96-F8D1-48E1-929E-9159C88538CC,1006-941-347-abc
6AF59CB2-CA53-4AA7-A878-0A4479F1BB45,900794683030-50
459B8C17-3C72-49D3-8CB1-FAB026C0FE97,100-628-924
13BA88B5-1870-4426-96EB-D17165779390,9577131
66BD162B-1A45-4BF0-89AA-DC692E5ACFFD,600-254-310
EB7BC963-B8CA-4898-93F9-7B2791C250E3,73648417--
E307728D-E357-4300-9FD9-C128AC0DAEF2,3990592089-UDF
36D48913-F2E1-41C1-905A-62E4B2400B81,20427061-RAMA
3E52C1BC-2805-40FE-9E22-4FBE903BA5D9,166-505-522
F1F1326C-4285-4E09-90E9-E2F3DF98B202,447233638428-A-B-C-D
5ED1409F-0C2F-40D0-BCEC-45744D80F374,3225997123
AA067E13-D837-4460-81EB-649AF2A04D6E,244767408778AB-cc-dd-ee
174B6087-0B0A-4EA9-882C-E6071F9FAAF0,9989-845-164
1220A989-8AC9-4CB7-BC96-1EE691F82B36,3789202847
50615C29-3FFA-46A1-AB0D-E6239BAAE4CA,593-907-885
75C45577-A9AE-4872-8C6D-6E08D15869FE,5524962669
02FDB01E-57FB-47F3-8ABB-2F1490C9A7A6,1297-648-570
2102F705-B1C1-4D58-83E8-E678E0E36725,83262829211
750C9856-28D1-4790-B54A-4B4E07A85582,2764-922-422
CD6FEAC1-0301-4120-B98F-22AD1D68967E,3241905868
A0B8F550-6396-4C4C-B3D6-6B54DCD43A58,2913394249
8D041607-AE6C-4DDE-8DDF-F4602606731A,0334-548-996
3F9CD675-5F1D-41FF-81E6-DE0AA250EC47,1.63891E+12
E58EB6EF-EA1B-4E1C-8A61-7EA08CB708F4,1.72992E+12
E17C272B-EFD3-42DD-8BAD-1D99F843DC0A,1599-274-282
6C916A25-D13C-48A4-AECE-AA8377BAFCF1,0755-533-356
170B03CC-DFAB-4A02-B843-EFEF3BB01FD3,-2.2207E+11
A64493B5-33FE-4B84-A70E-561D997BFA23,-2.29265E+11
FA9ED6C8-34C7-4BA6-B65E-34C332A39AAE,-2.36459E+11
F2B0CF39-E503-40F3-ACC7-AF396D1F8FC1,-2.43653E+11
B14CA83E-8E58-44F6-8CE3-738F1DAEF324,1006-941-347-abc
779F9D3A-D176-4039-B043-BB064308029A,900794683030-51
103356D3-05A5-4C22-9874-3134A382A45A,100-628-925
5FF21059-7B4C-4F0D-A3DC-B44507734D73,9577132
0AFE38FB-8057-44DA-B704-0ECC34919ABF,600-254-311
35ACAE5C-A1A6-47D5-99AA-73E8CE7AB199,73648417--
92D079B1-BDD3-4F70-B4C1-4C049FA7DD94,3990592089-UDF
9A4CFCF4-2B62-455F-AC89-B19FCB30DC74,20427061-RAMA
D69A69BF-8A60-4E6B-9D9E-D5CF947A828A,166-505-523
9C55BC44-68B8-4442-BAA8-7078D373DF5C,447233638428-A-B-C-D
FCE5DEC9-C67C-4DA5-B877-3A2C73619892,3225997124
2B183499-5534-4C4E-B78C-E4CC5E94DF94,244767408778AB-cc-dd-ee
EAC37596-C32E-4E7F-B6A6-F26BC129260C,9989-845-165
5A506AE0-F872-11E8-B568-0800200C9A66,3789202848
5A506AE1-F872-11E8-B568-0800200C9A66,593-907-886
5A506AE2-F872-11E8-B568-0800200C9A66,5524962670
5A506AE3-F872-11E8-B568-0800200C9A66,1297-648-571
5A506AE4-F872-11E8-B568-0800200C9A66,83262829212
5A506AE5-F872-11E8-B568-0800200C9A66,2764-922-423
5A506AE6-F872-11E8-B568-0800200C9A66,2584882630
5A506AE7-F872-11E8-B568-0800200C9A66,2256371011
5A506AE8-F872-11E8-B568-0800200C9A66,0334-548-997
5A506AE9-F872-11E8-B568-0800200C9A66,1.82094E+12
5A506AEA-F872-11E8-B568-0800200C9A66,1.91195E+12
5A506AEB-F872-11E8-B568-0800200C9A66,1599-274-283
5A506AEC-F872-11E8-B568-0800200C9A66,0755-533-357
5A506AED-F872-11E8-B568-0800200C9A66,-2.50848E+11
5A506AEE-F872-11E8-B568-0800200C9A66,-2.58042E+11
5A506AEF-F872-11E8-B568-0800200C9A66,-2.65237E+11
5A5091F0-F872-11E8-B568-0800200C9A66,-2.72431E+11
5A5091F1-F872-11E8-B568-0800200C9A66,1006-941-347-abc
5A5091F2-F872-11E8-B568-0800200C9A66,900794683030-52
5A5091F3-F872-11E8-B568-0800200C9A66,100-628-926
5A5091F4-F872-11E8-B568-0800200C9A66,9577133
5A5091F5-F872-11E8-B568-0800200C9A66,600-254-312
5A5091F6-F872-11E8-B568-0800200C9A66,73648417--
5A5091F7-F872-11E8-B568-0800200C9A66,3990592089-UDF
5A5091F8-F872-11E8-B568-0800200C9A66,20427061-RAMA
5A5091F9-F872-11E8-B568-0800200C9A66,166-505-524
5A5091FA-F872-11E8-B568-0800200C9A66,447233638428-A-B-C-D
5A5091FB-F872-11E8-B568-0800200C9A66,3225997125
5A5091FC-F872-11E8-B568-0800200C9A66,244767408778AB-cc-dd-ee
5A5091FD-F872-11E8-B568-0800200C9A66,9989-845-166
5A5091FE-F872-11E8-B568-0800200C9A66,3789202849
5A5091FF-F872-11E8-B568-0800200C9A66,593-907-887-uu-abc
5A509200-F872-11E8-B568-0800200C9A66,5524962671
5A509201-F872-11E8-B568-0800200C9A66,1297-648-572
5A509202-F872-11E8-B568-0800200C9A66,83262829213
5A509203-F872-11E8-B568-0800200C9A66,2764-922-424
5A509204-F872-11E8-B568-0800200C9A66,1927859392
5A509205-F872-11E8-B568-0800200C9A66,1599347773
5A509206-F872-11E8-B568-0800200C9A66,0334-548-998
5A509207-F872-11E8-B568-0800200C9A66,2.00297E+12
5A50B900-F872-11E8-B568-0800200C9A66,2.09398E+12
5A50B901-F872-11E8-B568-0800200C9A66,1599-274-284
5A50B902-F872-11E8-B568-0800200C9A66,0755-533-358
5A50B903-F872-11E8-B568-0800200C9A66,-2.79626E+11
5A50B904-F872-11E8-B568-0800200C9A66,-2.8682E+11
5A50B905-F872-11E8-B568-0800200C9A66,-2.94015E+11
5A50B906-F872-11E8-B568-0800200C9A66,-3.01209E+11
5A50B907-F872-11E8-B568-0800200C9A66,1006-941-347-abc
5A50B908-F872-11E8-B568-0800200C9A66,900794683030-53
5A50B909-F872-11E8-B568-0800200C9A66,100-628-927
5A50B90A-F872-11E8-B568-0800200C9A66,9577134
5A50B90B-F872-11E8-B568-0800200C9A66,600-254-313
5A50B90C-F872-11E8-B568-0800200C9A66,73648417--
5A50B90D-F872-11E8-B568-0800200C9A66,3990592089-UDF
5A50B90E-F872-11E8-B568-0800200C9A66,20427061-RAMA
5A50B90F-F872-11E8-B568-0800200C9A66,166-505-525
5A50B910-F872-11E8-B568-0800200C9A66,447233638428-A-B-C-D
5A50B911-F872-11E8-B568-0800200C9A66,3225997126
5A50B912-F872-11E8-B568-0800200C9A66,244767408778AB-cc-dd-ee
5A50B913-F872-11E8-B568-0800200C9A66,9989-845-167
5A50B914-F872-11E8-B568-0800200C9A66,3789202850
5A50B915-F872-11E8-B568-0800200C9A66,593-907-888
5A50B916-F872-11E8-B568-0800200C9A66,5524962672
5A50E010-F872-11E8-B568-0800200C9A66,1297-648-573
5A50E011-F872-11E8-B568-0800200C9A66,83262829214
5A50E012-F872-11E8-B568-0800200C9A66,2764-922-425
5A50E013-F872-11E8-B568-0800200C9A66,1270836154
5A50E014-F872-11E8-B568-0800200C9A66,942324535
5A50E015-F872-11E8-B568-0800200C9A66,0334-548-999
5A50E016-F872-11E8-B568-0800200C9A66,2.185E+12
5A50E017-F872-11E8-B568-0800200C9A66,2.27601E+12
5A50E018-F872-11E8-B568-0800200C9A66,1599-274-285
5A50E019-F872-11E8-B568-0800200C9A66,0755-533-359
5A50E01A-F872-11E8-B568-0800200C9A66,-3.08403E+11
5A50E01B-F872-11E8-B568-0800200C9A66,-3.15598E+11
5A50E01C-F872-11E8-B568-0800200C9A66,-3.22792E+11
5A50E01D-F872-11E8-B568-0800200C9A66,-3.29987E+11
5A50E01E-F872-11E8-B568-0800200C9A66,1006-941-347-abc
5A50E01F-F872-11E8-B568-0800200C9A66,900794683030-54
5A50E020-F872-11E8-B568-0800200C9A66,100-628-928
5A50E021-F872-11E8-B568-0800200C9A66,9577135
5A50E022-F872-11E8-B568-0800200C9A66,600-254-314
5A50E023-F872-11E8-B568-0800200C9A66,73648417--
5A50E024-F872-11E8-B568-0800200C9A66,3990592089-UDF
5A50E025-F872-11E8-B568-0800200C9A66,20427061-RAMA
5A50E026-F872-11E8-B568-0800200C9A66,166-505-526
5A50E027-F872-11E8-B568-0800200C9A66,447233638428-A-B-C-D
5A510720-F872-11E8-B568-0800200C9A66,3225997127
5A510721-F872-11E8-B568-0800200C9A66,244767408778AB-cc-dd-ee
5A510722-F872-11E8-B568-0800200C9A66,9989-845-168
5A510723-F872-11E8-B568-0800200C9A66,3789202851
5A510724-F872-11E8-B568-0800200C9A66,593-907-889
5A510725-F872-11E8-B568-0800200C9A66,5524962673
5A510726-F872-11E8-B568-0800200C9A66,1297-648-574
5A510727-F872-11E8-B568-0800200C9A66,83262829215
5A510728-F872-11E8-B568-0800200C9A66,2764-922-426
5A510729-F872-11E8-B568-0800200C9A66,613812916
5A51072A-F872-11E8-B568-0800200C9A66,285301297
5A51072B-F872-11E8-B568-0800200C9A66,0334-548-1000
5A51072C-F872-11E8-B568-0800200C9A66,2.36702E+12
{6cc06b30-f872-11e8-b568-0800200c9a66},2.45804E+12
{6cc06b31-f872-11e8-b568-0800200c9a66},1599-274-286
{6cc06b32-f872-11e8-b568-0800200c9a66},0755-533-360
{6cc06b33-f872-11e8-b568-0800200c9a66},-3.37181E+11
{6cc09240-f872-11e8-b568-0800200c9a66},-3.44376E+11
{6cc09241-f872-11e8-b568-0800200c9a66},-3.5157E+11
{6cc09242-f872-11e8-b568-0800200c9a66},-3.58764E+11
{6cc09243-f872-11e8-b568-0800200c9a66},1006-941-347-abc
{6cc09244-f872-11e8-b568-0800200c9a66},900794683030-55
{6cc09245-f872-11e8-b568-0800200c9a66},100-628-929
{6cc09246-f872-11e8-b568-0800200c9a66},9577136
{6cc09247-f872-11e8-b568-0800200c9a66},600-254-315
{6cc09248-f872-11e8-b568-0800200c9a66},73648417--
{6cc09249-f872-11e8-b568-0800200c9a66},3990592089-UDF
{6cc0924a-f872-11e8-b568-0800200c9a66},20427061-RAMA
{6cc0924b-f872-11e8-b568-0800200c9a66},166-505-527
{6cc0924c-f872-11e8-b568-0800200c9a66},447233638428-A-B-C-D
{6cc0924d-f872-11e8-b568-0800200c9a66},3225997128
{6cc0924e-f872-11e8-b568-0800200c9a66},244767408778AB-cc-dd-ee
{6cc0924f-f872-11e8-b568-0800200c9a66},9989-845-169
{6cc09250-f872-11e8-b568-0800200c9a66},3789202852
{6cc09251-f872-11e8-b568-0800200c9a66},593-907-890
{6cc09252-f872-11e8-b568-0800200c9a66},5524962674
{6cc09253-f872-11e8-b568-0800200c9a66},1297-648-575
{6cc09254-f872-11e8-b568-0800200c9a66},83262829216
{6cc09255-f872-11e8-b568-0800200c9a66},2764-922-427
{6cc09256-f872-11e8-b568-0800200c9a66},-43210322
{6cc09257-f872-11e8-b568-0800200c9a66},-371721941
{6cc09258-f872-11e8-b568-0800200c9a66},0334-548-1001
{6cc09259-f872-11e8-b568-0800200c9a66},2.54905E+12
{6cc0b950-f872-11e8-b568-0800200c9a66},2.64007E+12
{6cc0b951-f872-11e8-b568-0800200c9a66},1599-274-287
{6cc0b952-f872-11e8-b568-0800200c9a66},0755-533-361
{6cc0b953-f872-11e8-b568-0800200c9a66},-3.65959E+11
{6cc0b954-f872-11e8-b568-0800200c9a66},-3.73153E+11
{6cc0b955-f872-11e8-b568-0800200c9a66},-3.80348E+11
{6cc0b956-f872-11e8-b568-0800200c9a66},-3.87542E+11
{6cc0b957-f872-11e8-b568-0800200c9a66},1006-941-347-abc
{6cc0b958-f872-11e8-b568-0800200c9a66},900794683030-56
{6cc0b959-f872-11e8-b568-0800200c9a66},100-628-930
{6cc0b95a-f872-11e8-b568-0800200c9a66},9577137
{6cc0b95b-f872-11e8-b568-0800200c9a66},600-254-316
{6cc0b95c-f872-11e8-b568-0800200c9a66},73648417--
{6cc0b95d-f872-11e8-b568-0800200c9a66},3990592089-UDF
{6cc0b95e-f872-11e8-b568-0800200c9a66},20427061-RAMA
{6cc0b95f-f872-11e8-b568-0800200c9a66},166-505-528
{6cc0b960-f872-11e8-b568-0800200c9a66},447233638428-A-B-C-D
{6cc0b961-f872-11e8-b568-0800200c9a66},3225997129
{6cc0b962-f872-11e8-b568-0800200c9a66},244767408778AB-cc-dd-ee
{6cc0b963-f872-11e8-b568-0800200c9a66},9989-845-170
{6cc0b964-f872-11e8-b568-0800200c9a66},3789202853
{6cc0b965-f872-11e8-b568-0800200c9a66},593-907-891
{6cc0b966-f872-11e8-b568-0800200c9a66},5524962675
{6cc0b967-f872-11e8-b568-0800200c9a66},1297-648-576
{6cc0b968-f872-11e8-b568-0800200c9a66},83262829217
{6cc0b969-f872-11e8-b568-0800200c9a66},2764-922-428
{6cc0e060-f872-11e8-b568-0800200c9a66},-700233560
{6cc0e061-f872-11e8-b568-0800200c9a66},-1028745179
{6cc0e062-f872-11e8-b568-0800200c9a66},0334-548-1002
{6cc0e063-f872-11e8-b568-0800200c9a66},2.73108E+12
{6cc0e064-f872-11e8-b568-0800200c9a66},2.8221E+12
{6cc0e065-f872-11e8-b568-0800200c9a66},1599-274-288
{6cc0e066-f872-11e8-b568-0800200c9a66},0755-533-362
{6cc0e067-f872-11e8-b568-0800200c9a66},-3.94737E+11
{6cc0e068-f872-11e8-b568-0800200c9a66},-4.01931E+11
{6cc0e069-f872-11e8-b568-0800200c9a66},-4.09125E+11
{6cc0e06a-f872-11e8-b568-0800200c9a66},-4.1632E+11
{6cc0e06b-f872-11e8-b568-0800200c9a66},1006-941-347-abc
{6cc0e06c-f872-11e8-b568-0800200c9a66},900794683030-57
{6cc0e06d-f872-11e8-b568-0800200c9a66},100-628-931
{6cc0e06e-f872-11e8-b568-0800200c9a66},9577138
{6cc0e06f-f872-11e8-b568-0800200c9a66},600-254-317
{6cc0e070-f872-11e8-b568-0800200c9a66},73648417--
{6cc0e071-f872-11e8-b568-0800200c9a66},3990592089-UDF
{6cc0e072-f872-11e8-b568-0800200c9a66},20427061-RAMA
{6cc0e073-f872-11e8-b568-0800200c9a66},166-505-529
{6cc0e074-f872-11e8-b568-0800200c9a66},447233638428-A-B-C-D
{6cc0e075-f872-11e8-b568-0800200c9a66},3225997130
{6cc0e076-f872-11e8-b568-0800200c9a66},244767408778AB-cc-dd-ee
{6cc0e077-f872-11e8-b568-0800200c9a66},9989-845-171
{6cc10770-f872-11e8-b568-0800200c9a66},3789202854
{6cc10771-f872-11e8-b568-0800200c9a66},593-907-892
{6cc10772-f872-11e8-b568-0800200c9a66},5524962676
{6cc10773-f872-11e8-b568-0800200c9a66},1297-648-577
{6cc10774-f872-11e8-b568-0800200c9a66},83262829218
{6cc10775-f872-11e8-b568-0800200c9a66},2764-922-429
{6cc10776-f872-11e8-b568-0800200c9a66},-1357256798
{6cc10777-f872-11e8-b568-0800200c9a66},-1685768417
{6cc10778-f872-11e8-b568-0800200c9a66},0334-548-1003
{6cc10779-f872-11e8-b568-0800200c9a66},2.91311E+12
{6cc1077a-f872-11e8-b568-0800200c9a66},3.00413E+12
{6cc1077b-f872-11e8-b568-0800200c9a66},1599-274-289
{6cc1077c-f872-11e8-b568-0800200c9a66},0755-533-363
{6cc1077d-f872-11e8-b568-0800200c9a66},-4.23514E+11
{6cc1077e-f872-11e8-b568-0800200c9a66},-4.30709E+11
{6cc1077f-f872-11e8-b568-0800200c9a66},-4.37903E+11
{6cc10780-f872-11e8-b568-0800200c9a66},-4.45098E+11
{6cc10781-f872-11e8-b568-0800200c9a66},1006-941-347-abc
{6cc10782-f872-11e8-b568-0800200c9a66},900794683030-58
{6cc10783-f872-11e8-b568-0800200c9a66},100-628-932
{39d003c5-8de4-48c4-bd05-0734036bdb37},9577139
{e65c973d-36c6-4974-be59-f4628d0fbee6},600-254-318
{f4c77a3a-fcf7-4b2a-8e17-32c62248f31d},73648417--
{fd4ee559-27b8-4cab-a3f8-6ecdc120c5ae},3990592089-UDF
{461fa0ed-dc47-4104-bf6d-7d76f24f0687},20427061-RAMA
{b053b985-5a03-4020-83a8-0568c53ef24f},166-505-530
{051f1c16-4d37-4e3e-bdf6-28e9f5aca126},447233638428-A-B-C-D
{c690a9ff-659c-48d1-990e-8451c7db453e},3225997131
{4880d070-97e7-4c80-b3c7-8894ad46978c},244767408778AB-cc-dd-ee
{5f8c2b7f-8c42-4aac-8fd0-a4b8c2bf0813},9989-845-172
{d5afe122-5454-45cb-bf3a-ab5b73974fae},3789202855
{834b1876-2941-48e2-90e0-ba0f517b8a38},593-907-893
{2920eb55-356a-4b9f-ae1f-cd76d46c9057},5524962677
{3e56c9c7-6b25-4fa7-9773-24b59652ef75},1297-648-578
{4b3eefc4-3a4d-4463-8e16-8a60b000019e},83262829219
{5b2c8f1c-93c6-4391-8985-2f9c09426be5},2764-922-430
{087272a0-2fb8-41f4-96a1-8a76a73acb06},-2014280036
{d1ad9aae-f43d-4f0f-8856-422607f99a9b},-2342791655
{7859dbc4-b92b-48da-be21-a4028747601a},0334-548-1004
{556e773a-897d-4c9d-829c-244c85f1d54c},3.09514E+12
{eb3de0cb-bd4e-4d9d-a4c2-14d3d656edf6},3.18616E+12
{75f6b188-447c-44c1-8bfe-6415e0be1dae},1599-274-290
{ace89e89-5046-49cd-807b-5e0f28722ad9},0755-533-364
{e4a6e4e2-a14c-4143-9f42-9bbeeb5d06c0},-4.52292E+11
{b27a1469-a0c0-4e1b-88e2-c9c95cb01397},-4.59486E+11
{e3629c2a-5c33-41ba-b060-23774897bb6d},-4.66681E+11
{fa62f122-aac7-4459-8560-30f557e5e3be},-4.73875E+11
{96ef856a-271b-4a0f-b929-7e664da704ad},1006-941-347-abc
{8fd9ff78-bc0a-4ba5-afad-313a13d1d6d6},900794683030-59
{c1933476-c383-4175-9487-61052862b308},100-628-933
{1fbd7776-5f8e-4cca-89e6-272f027bf2ba},9577140
{3ef0ded7-e849-47b7-940a-4fb8d07455a4},600-254-319
{6368b097-6ec2-4c42-8c81-7685e39df55a},73648417--
{5cf9dbe8-c4b8-4c46-8c9b-03bf65d3b3ec},3990592089-UDF
{6732a850-3607-4540-9947-6abb91bff3b7},20427061-RAMA
{3f139e91-3bc7-493f-bad7-5ff5c200beb5},166-505-531
{f2136f6b-050c-47d1-82b2-abc41936fda5},447233638428-A-B-C-D
{a69e8f61-f354-423b-908f-9c0e481d425e},3225997132
{28c453e9-c965-4d5b-a780-11c0faf1a99a},244767408778AB-cc-dd-ee
{dfb0fa7b-106a-4039-8783-35b89bd87cfe},9989-845-173
{c0db6fe3-c070-4886-a32f-856a42622bd0},3789202856
{e3df72b4-6e6d-4139-87aa-f2cec548e2cf},593-907-894
{3de87cdf-6afb-458e-8bbd-b69cc042ae1a},5524962678
{888f41b2-5e1a-4f91-9950-1513215c0bb3},1297-648-579
{8e92273e-e2d5-4c91-bc3c-ed8d2d4f7806},83262829220
{e92eaff2-7cca-428e-b08c-2c2910e17a5e},2764-922-431
{3069e741-46dc-4efa-81aa-c2b6372fac98},-2671303274
{685f05c3-20a8-4010-95fd-5e582a74a19c},-2999814893
{8697585f-d10d-4212-bdac-15146cda5ced},0334-548-1005
{93f92e32-c8c8-4847-b676-d45e3012a506},3.27717E+12
{37e4d163-d603-48f5-8038-e99e971916c3},3.36818E+12
{5141ad84-c56f-486e-9c2c-4987ada16628},1599-274-291
{98b210c9-52ad-4dc2-a106-20f1a40105c2},0755-533-365
{cb978fbf-037d-4072-bb79-f8a4f3b8b5f8},-4.8107E+11
{d431c5c2-7012-4ea9-bf01-813d9856caaf},-4.88264E+11
{d72454f5-d951-4d99-827a-d89a9d92cfc2},-4.95459E+11
{2073c4a0-bc17-4e18-8a30-9d202076dc21},-5.02653E+11
{229ae6b1-5082-47bc-9154-4ea7befad8cc},1006-941-347-abc
{721701da-3ec9-437d-9cc4-0f47deba3a00},900794683030-60
{ef678442-28d8-46cb-a1b2-584d391d34dd},100-628-934
{c57ed4c2-2ac6-4673-b2d3-b248b8474d58},9577141
{827f4d43-9ce3-43f8-9c7c-4a1436cfeb18},600-254-320
{500a868a-f90c-44a8-806d-cbc47713ca6f},73648417--
{6afb3f7d-0038-4f46-9938-eab836f95707},3990592089-UDF
{17872d7e-1651-4c4a-856d-7d297e97f12f},20427061-RAMA
{1994a373-cce8-4d1c-9baa-b883b2c95bdc},166-505-532
{9f926b1c-7af0-4eae-bb3f-c9fc836e53ec},447233638428-A-B-C-D
{c089876b-2fd8-4884-82f8-1bd58bd57e48},3225997133
{56b9420b-6e9f-4a0b-94e7-82d2ce4c2da5},244767408778AB-cc-dd-ee
{e3bd47ae-18ee-439c-ac23-0465169419ac},9989-845-174
{1eece1c0-993d-4e09-a212-1bd04894c4bb},3789202857
{bb83c1a5-7dd1-4c63-90c9-b5a042cfb6e8},593-907-895
{fb5a6f48-add7-4675-81c9-d9136d1164c4},5524962679
{c08e15d7-0127-4159-9473-e58cb4c7e421},1297-648-580
{cc3972fc-28a0-46e0-8414-bf842fcb03ff},83262829221
{19e225a0-62d6-42a7-ab76-81e05cf39ac9},2764-922-432
{2e713957-03e4-43a1-a271-1250df4e2294},-3328326512
{24965d62-0bc4-4ce2-8018-a56702902c33},-3656838131
{c202d230-cae6-4c74-a1ae-b556c0fc3ae1},0334-548-1006
{85481008-8590-4b03-90d0-5590f47c7ba9},3.4592E+12
{c728d57f-bca0-4873-a43f-3315cad7b4c2},3.55021E+12
{ec2005be-e1d2-4d4b-aa0b-ea86f75b651b},1599-274-292
{7efde392-99ca-4420-b9f8-be7148e425d5},0755-533-366
{d75c6730-ffc6-48d6-969a-8f2a98fc2c70},-5.09848E+11
{8dfa382c-1472-4c24-9574-1d87928a4970},-5.17042E+11
{21e165bd-c032-4b9b-b1ca-7d396e4e9980},-5.24236E+11
{d2840588-3e46-4444-8f70-acae5d300b13},-5.31431E+11
{445f094e-053b-45d5-afda-d6c83700e9a7},1006-941-347-abc
{89e31d69-9ce0-4b69-a3ae-fe96a9b2772f},900794683030-61
{b872e503-dff1-4511-8491-ceb061a95542},100-628-935
{a49d269f-4c79-4917-a451-ed4708373b4c},9577142
{fcfb4bf7-ca37-4130-ba6a-87f11abe2e80},600-254-321
{7af0bef5-4c3c-48a0-84c6-97af24e739b0},73648417--
{bc056231-fc55-40a2-99a8-1936ffbb3081},3990592089-UDF
{c625b333-6fc4-4071-898a-3f0a73ea7a9e},20427061-RAMA
{f611b8b9-73e2-4ea1-a23a-1fa10ac8ae21},166-505-533
{c8c40ba2-9823-462c-a152-ad64400f5267},447233638428-A-B-C-D
{d758ec4e-2130-48f1-843b-4be7ed09f1d6},3225997134
{b69d330e-7eb9-4b1e-9496-3d1324bd8f83},244767408778AB-cc-dd-ee
{fd7e69b5-35de-443f-96eb-4e7f18dda83b},9989-845-175
{34E8CD00-3BD3-4C5C-A5E5-3B1E2DA0405B},3789202858
{C50BA921-D3FE-4DF9-994D-B5E2140D99C0},593-907-896
{77738D8D-4958-4B5D-8114-8A0E649D6F82},5524962680
{73F37DD5-E9F2-43E5-9BC4-43E6BDDA05CF},1297-648-581
{8A41C68B-03B2-40FB-954E-3E2428282A9D},83262829222
{27A9EA87-730C-4638-B81F-894AC66B30B7},2764-922-433
{92B00976-5DE8-4B02-A007-0A8521E676C0},-3985349750
{61CD66FE-248D-4281-9B67-D11AB36D4BDE},-4313861369
{E3628417-BBFC-4106-9F9B-B9987F225F02},0334-548-1007
{6FC13C09-8C96-4FC2-A41B-0A28A3117835},3.64123E+12
{95104B8E-A61B-41D5-A233-B9802F9274D0},3.73224E+12
{9475F353-4D44-4EC0-A5A1-259C49FF86EA},1599-274-293
{AAE15128-8E86-4592-AD4C-2074DDA4FF09},0755-533-367
{54239456-1009-41CE-BC39-E936684B46E9},-5.38625E+11
{49FDF0BA-9AB8-40CA-A91C-37BB8C94F52A},-5.4582E+11
{6A31BC00-1B27-462D-9006-C017D239E938},-5.53014E+11
{7571A352-FD54-466F-95EC-669E1BB5E94F},-5.60209E+11
{65698C72-9D5B-405D-BD22-8BBA34EC0F8C},1006-941-347-abc
{3D9DBB6A-6A32-420A-A25E-02D816667AB2},900794683030-62
{B21CF5EE-7F13-4555-9925-427AD04828EF},100-628-936
{4652C0ED-A2D5-461F-8E32-51823BB80CF7},9577143
{A7F4096A-83CD-4AB3-B23E-BEF2EA4F5743},600-254-322
{A365943E-3CE9-48C4-921D-0464CD70831F},73648417--
{F498D3D6-E546-46F4-9E3C-0656CA9AA1B8},3990592089-UDF
{A10E257C-55B8-4DF5-B859-4FAE2EB35CD7},20427061-RAMA
{75636D87-9D66-44C0-A0E1-EC196BE48356},166-505-534
{FAE98C6D-999D-41DA-9244-6C47EE50E728},447233638428-A-B-C-D
{C69468C3-7303-43CD-875B-58AF3CBA4CB4},3225997135
{F17336DD-3615-4B46-9D0E-EE05AD2AE1A5},244767408778AB-cc-dd-ee
{B36F0B98-3046-4956-8E48-07CFAC008C98},9989-845-176
{E4CF2D6D-9B4C-4BE6-A187-DB224F7026B9},3789202859
{201239AC-0FE4-467E-9032-B8C29D29BDDE},593-907-897
{0E1B4299-5914-4AD4-AE31-AF97995AD850},5524962681
{74E8199D-5D7B-4A10-B0C0-0A22AEF1187A},1297-648-582
{98AB0559-7D33-469A-AC8E-60FBBE09D66D},83262829223
{916A73F4-0116-40AB-AB58-B47BF4C659D2},2764-922-434
{72C50524-DAC6-4CEE-BDCC-7374B0E8848F},-4642372988
{0E8E8BC3-5E4C-4A7C-9652-128FB8D8AF3C},-4970884607
{9B6A0A2B-91D8-43A3-84EA-7DB114A05E5E},0334-548-1008
{8A2419B1-6056-47CC-9E23-E7770C142D69},3.82326E+12
{8713367C-56FB-4B62-8F1A-34BF815365E0},3.91427E+12
{5AC597CD-1F5E-45C8-9122-EAA351271F7A},1599-274-294
{DC83DE02-457E-4576-BCAC-D38097024263},0755-533-368
{294E2B3B-6602-4781-B58F-7BC69E9F45D5},-5.67403E+11
{852414EE-2586-4EB4-BB88-89776999FD54},-5.74597E+11
{2E6520EB-71A8-4856-9830-6FB542A18623},-5.81792E+11
{738436B1-568E-4A94-93B8-554D3A5D16D0},-5.88986E+11
{35223EC9-027D-44E9-954E-2170A11FBB13},1006-941-347-abc
{90311555-D789-4D08-B1AB-6C351B674CBC},900794683030-63
{DB444F8F-2483-434D-96CE-C660FDC4C6FF},100-628-937
{384B9BA4-280C-440E-BCE4-B7B2EA1C19C4},9577144
{6255EF4C-08E3-43C3-8C1C-52917E6AB38F},600-254-323
{E1D499A9-D218-4999-9158-630444EDCA62},73648417--
{EF7B6990-2C72-420F-9122-440F4D570C22},3990592089-UDF
{1DCAA5D7-7814-472A-BCFD-83EB05C262CF},20427061-RAMA
{52CB68AA-FA1D-4B8E-A524-693CAAC404AC},166-505-535
{AABB2A5B-A09A-47C9-93A5-1CA87B0493CF},447233638428-A-B-C-D
{01284DD7-BD20-4285-A757-6CDC83B7A899},3225997136
{FF1750CF-A847-4745-B087-F5EE94237E5D},244767408778AB-cc-dd-ee
{A7C63D67-B873-4078-9E81-6F81395AA929},9989-845-177
{446D4288-CD9D-4285-A2F7-3BE4D6F2E7BD},3789202860
{57C65810-C1DA-4439-81BD-1A378BA59010},593-907-898
{361AC871-203C-4626-9C86-AE02819C5940},5524962682
{7DAA3984-9538-4F55-A00B-E71AF83883E1},1297-648-583
{7332CF94-65C0-4E07-AE2D-2CA38C858B8E},83262829224
{36648D0A-C288-4DF4-9E16-43FC6795B290},2764-922-435
{7D1ACF15-BF48-4A3B-967B-40D7C39E220E},-5299396226
{37548F75-7980-4A42-810A-8E50EA29CBBD},-5627907845
{560B4572-9644-4C6B-AA84-751B30E5987D},0334-548-1009
{435B206F-F666-4B1D-9DE3-EBB35F277DCC},4.00529E+12
{335FDB62-A2F4-4457-AB95-CBA5F6D837AD},4.0963E+12
{2992D1E3-DA5D-43E4-844C-40DD2AC34EFA},1599-274-295
{653C6984-3FDC-4CA6-BD3A-4D985D256A01},0755-533-369
{63B8C19C-10E9-4EDB-889A-7123C7D7DEB1},-5.96181E+11
{B5961823-B1E7-4ACB-9880-7EB20827989E},-6.03375E+11
{422F1036-5A27-4CFE-AF17-47A8E2C98BAF},-6.1057E+11
{EB33D12A-7787-4807-8179-D4254BA5EF63},-6.17764E+11
{6290A7BB-5597-42D0-8394-9755EA27A002},1006-941-347-abc
{318844B6-2427-4021-9474-23B2DFBE5179},900794683030-64
{CF9956F2-61B4-486E-85A7-1110DD29704E},100-628-938
{09BCB247-E731-4CF4-9840-73CADE8C4BB5},9577145
{A4D92A4D-4938-4960-ADE7-D1A82526CC3D},600-254-324
{2F735CAD-7E7B-48C3-8F05-DC529F58590D},73648417--
{6931F1D5-D75A-4400-B471-9600E80C2EE2},3990592089-UDF
{3758E33A-392A-4ADB-85D7-9B24E5A57994},20427061-RAMA
{90616F2B-FE2C-447E-8E53-52673EB4A348},166-505-536
{A45F2722-45C2-446A-ABC1-45E7E29EA7F1},447233638428-A-B-C-D
{215DA737-C632-48AF-8597-77CB3AF1C6BB},3225997137
{7B4F0350-4406-41E5-912D-DC0727E189E7},244767408778AB-cc-dd-ee
{53804E71-6D30-421B-A819-331E059296E4},9989-845-178
{F4E97731-D91B-4DAE-B5BF-BA17394726F3},3789202861
{98C4C7EA-88B3-438E-AAC6-33A052ABF514},593-907-899
{897B1E2C-A769-4803-B906-1A16B27BEDE1},5524962683
{171F5AAE-D4DB-42CE-B43D-0FB91F7E75BB},1297-648-584
{66D781DC-A246-46C2-B2CE-105EA1B4C9BC},83262829225
{FB59CEF0-0D35-4921-BEE0-BCBBC774B801},2764-922-436
{4AD8D67A-4336-46E4-ABD8-18F82B92DFA2},-5956419464
{CA9DA196-4C5C-4CD9-8825-7A16F525C7C0},-6284931083
{84FFB819-9427-4574-BDAA-CA937DFB3C94},0334-548-1010
{4430D143-B289-4833-A94F-6BCF134FE09F},4.18731E+12
85B484759D1D49D6805FA811FE908EC7,4.27833E+12
D3493998EDE64DC8834653CEFFFE6C8D,1599-274-296
FEC96098F2AA4CC2B57BA7F39DB6F127,0755-533-370
E7EC4233933F48D9994EB8EF1E95AE32,-6.24958E+11
7901911AC27946EB94CE6116922094EE,-6.32153E+11
152094DA46F44F449EB01EF43F52BFEE,-6.39347E+11
A777008570224AB5AA76F07915A63FA5,-6.46542E+11
8BDB83BB2C024F96B3E81082D4A1C755,1006-941-347-abc
566320A9416D4CCCBD6373FA35D58DFA,900794683030-65
C25F8C7066D64A2A99713D86B5742FB5,100-628-939
F95FC5EE803B49B29E136B0B407C2A71,9577146
FFA6E14E93874A579F996738111CF692,600-254-325
3F8EB2192E4949429D401FD5DC009E3A,73648417--
7C707FF52EA744CF9EE43E343A2062B1,3990592089-UDF
C311D2F1680A4FF2AB93BEE99F75150B,20427061-RAMA
CA9DDF23676443B59DA27C0CF2BB1FF4,166-505-537
180DAC64DC5341E8885B4353189233D1,447233638428-A-B-C-D
B76805FD278945DB91CC3758C5D65B98,3225997138
FC8E355B2F2049BDB7905709B38E6B77,244767408778AB-cc-dd-ee
10C7EBAB935D41DB85073186DFC524FE,9989-845-179
FC176995C2E84FFD8494BBE2B54F532E,3789202862
831304FC73E1472ABCD4BC33015DF254,593-907-900
F31C4928C6D74D41A4B9E8A1657FF1C4,5524962684
5AB0AF8D70E848D4B6C0E1808CA269F6,1297-648-585
E42FC22494114448A70611A8B100FB90,83262829226
94677FE3903B427482DFBDE0B24AFB91,2764-922-437
649BF7CF69CA47429AB639ADDB21AD0C,-6613442702
15B7E2DDF2D14A138BB8120CE7BA72AA,-6941954321
AC73F944F3F44377ADD74FB55DF3341F,0334-548-1011
F9AB5714D5C540B884E75C6331989A79,4.36934E+12
770ADE183C584B60965556E43896FA4E,4.46036E+12
5B10B88496E7484293915CE2F0351CBB,1599-274-297
8CE7D72773264E59853222BD97BBC9FA,0755-533-371
D071117169664101BF79C64467ADD4FE,-6.53736E+11
7CA3ADFFAB8A4628A36A723750D10378,-6.60931E+11
7F3C55E8EB054483B6F2F9873B051F4A,-6.68125E+11
E69E64601370437D83C235964E7AD4D0,-6.75319E+11
AD02290BD9534D9EA75A948205991612,1006-941-347-abc
B9B9B96F4B224122BF0EDB23B7431A11,900794683030-66
C131EDED4EFA41B88C5404D8FBC1A658,100-628-940
C8072831B2E74DE698B1D6AA262954C6,9577147
C9E3F19327BD4AB395BAB4887CEAAF28,600-254-326
B9E861B7ABE1427E9230D75EAF20BAFB,73648417--
11D8DED74E09440E8DFCBADFDACEAB8C,3990592089-UDF
1980EC12A78A4D8F8ECF0BC2870CF844,20427061-RAMA
3FF1DD543F3D4809B9685AD93267AE34,166-505-538
0516353F0AD44EE49EB606C2170B38CB,447233638428-A-B-C-D
6B79C0C987DE4F4BB44170C7FBC8A8A4,3225997139
56DEB0CC817843CA917707EA541B9BED,244767408778AB-cc-dd-ee
32B1526731C84AC481DB73FA7BBF5BF7,9989-845-180
DFB4F303034341C68D984BAC4F3C6BF7,3789202863
BE8E7FC0E13641BB8005184BF770E14F,593-907-901
A579DBC14DF648C8BAE0144A03CDBD35,5524962685
DE6E346FEDD74A66AD73FB8D0AE0FC37,1297-648-586
D0F79E5CA5CF4C11BB63B648B4322A9D,83262829227
669BBAC35E504FAD9518FBE50704A368,2764-922-438
0FEE06F141224F19949E8B183AB2D914,-7270465940
62D55D7C66AC4B3986E15FBBC3E1225A,-7598977559
15FA84508F5346FFA59A79A505BD3E58,0334-548-1012
BC571500D9BD4A71B125AABADD6A55A7,4.55137E+12
885C958D2C7F46C08E444DB709D441C6,4.64239E+12
86FA0706BD5E4E778A7472CA21B25D0B,1599-274-298
589C6C4A40A248C8B259D2FC516C61A2,0755-533-372
269CB7A486C04912A179F870182445DC,-6.82514E+11
ACECE26A045644E8951CACDFBDC535AB,-6.89708E+11
1DD3A28E0EBF45538E1873ED7F9A97D8,-6.96903E+11
ED7331752EC04794B1424517EB738864,-7.04097E+11
6B3F131DC1C741C2A8B12FB67F40F631,1006-941-347-abc
07D008A587384B81B4F5B0968CCE9481,900794683030-67
107BFD59C1C14EB5AE3D280B4BB0AD53,100-628-941
85436171CD324B7181875A3A752B5D7B,9577148
86B6C1D702C04375AEA6C3CEEA8BA8BB,600-254-327
43E00008AE0E4DDB8BEDF23B23243E2A,73648417--
E5A79C4078A94DE3842B7BEE6E314030,3990592089-UDF
1278DB96ACA942CAA71518535A1631EB,20427061-RAMA
9F8C38C9156B405495F66D4DDDFFC6D7,166-505-539
1483479884964DF388FA43FDE9ABD7A4,447233638428-A-B-C-D
CEA38E9B80034B16BDDF7AAFF6685202,3225997140
55FF1880CCED4677B7099449800024D6,244767408778AB-cc-dd-ee
A165CD3EAD894BDABD254B2145FD7692,9989-845-181
2C65EA27E929424697730826D48252E4,3789202864
AA5F534ECAE74A9798587BECFDFC0140,593-907-902
8792B6928104476DAD47B1FA8DDF7BD0,5524962686
F367BDA40B5E482482BA6B37A3332DFA,1297-648-587
63C3F08ACADE4F9DA776E104A07A4B79,83262829228
7B9B59811E794F998FBFAD8C378C4F17,2764-922-439
32A0A7CBD9FF47B0B2B23285A4240196,-7927489178
0BE2FA5996244215833B7EEA1333C70B,-8256000797
C98C7E92A6A44CFBBAC9D8B057D30672,0334-548-1013
E83C7A8E8AB044D99C857AB21F756AE5,4.7334E+12
5418942C672D44B1946E52ECB0CCEBAC,4.82442E+12
3854E89A452E47CF852138418C2BAB7A,1599-274-299
FC37FD3488194A768829469A1ABE9AD6,0755-533-373
56B2D7302B68458DB10378C4B6E6A75E,-7.11292E+11
FA34356B89354A8A8499415ECB4FCBEA,-7.18486E+11
970A8320B4144E8CBC0B7B6FFBA0B00B,-7.25681E+11
667DF5877EDE409D956B96F8F41D25FF,-7.32875E+11
B568943B5D794959ABE2B3C31FCD9A70,1006-941-347-abc
A551E194DDFA46EB9BBA9AEE6E214FC5,900794683030-68
CE8F3A8B33FE4CFFA032E5B5449A99C9,100-628-942
{B4AF6A6C2ECC4974A7D4FC5BDBE4122C},9577149
{523AC1ABE57246DBAA57DEB03A0D7E1D},600-254-328
{EDBF38A86819472BA4CA1C9BCC320875},73648417--
{2AD7B980CCCA4444B5D308F96ABCBA73},3990592089-UDF
{4E13EA1869894DDFB84F87EBE2F75139},20427061-RAMA
{68B39DAE0EDC47F0B73CE3536B0B4890},166-505-540
{F5B8272C5524401AA268E87010505FA3},447233638428-A-B-C-D
{9C0BE63ED3B1411780D3F25DAD0D3C6B},3225997141
{07E5B22C3B014C639C9DE771D33609C4},244767408778AB-cc-dd-ee
{F91EA30AD0BB4C0196FB1E3BB818E514},9989-845-182
{A2AE5C81CE684CABBB06F697FD046231},3789202865
{CBC517082B9146A389F64BA33406CEEA},593-907-903
{3DB5B3AB8C544C5FB6AEB650722F4A15},5524962687
{BC3B8F28A1D74B70B71B17258ACD9020},1297-648-588
{A7A608987F264FC797DD45ED130CC29B},83262829229
{D64B797430AE46EB926AC7CE70A81518},2764-922-440
{FCEEAA632ABC4F09A754F1774784D424},-8584512416
{CA6B37895B8542EB85F79008268BEDF9},-8913024035
{68D507149BFB459D85378545035357A6},0334-548-1014
{45CCEAC7BE2D40DCBD764BDEEE8D409D},4.91543E+12
{841EBB0B73C94ED9BE38A63BD0E83AA4},5.00645E+12
{6B14242064FE4279A39855A2BAD879F1},1599-274-300
{144320179686489EA1D25D58F018A128},0755-533-374
{EFBB25A785AC4F56A57A224E3D26DF5C},-7.40069E+11
{F4F0DAB8F21D4B44A44CBF7A2C664092},-7.47264E+11
{F16213FD9F2E4F10B352893331572F7B},-7.54458E+11
{50FDBFE9F46E4D13BD2E74D274A98122},-7.61653E+11
{0AD075F625C84A93B2AC66BCE0FE3CEE},1006-941-347-abc
{702D232EF301442FBF24837E68747369},900794683030-69
{010C28F9B9684B00B4A3D6D5FAA609AE},100-628-943
{A301369528F84A70BC073347CAA48D93},9577150
{D6609EC8FEDE43FE933BD17B6D7AF4E0},600-254-329
{DCCD79C9ED7748C7BF4C07879F45E07B},73648417--
{8BEDAEDB05F644AEB40F5002C4F2DC5D},3990592089-UDF
{E99361DB53A04AA6A207EC96E8FD6FC4},20427061-RAMA
{38A75B3ABD654808BD9CEB0BF6CFBF53},166-505-541
{D1C7457514D34AD2832FAEF673DD6872},447233638428-A-B-C-D
{F6D46B8B5827428CA3D87E69270CD55D},3225997142
{619E4B2DC0574893894B87A384E79D1D},244767408778AB-cc-dd-ee
{1A688F6B219448DD9172B4CD42B2F801},9989-845-183
{9BA4219954A148B9945F28174425B38E},3789202866
{EF1E1D1AD79C48E0BBF023EA7A208D8B},593-907-904
{B042C6E2211D497C8E051303B0C7DEC4},5524962688
{895873EA6ABE4C8F88FF5D2019A528A5},1297-648-589
{18B85D4E384E4EAFBC3E902D888ED3D7},83262829230
{D76AB6E8AABB43099E3A42F887DE4272},2764-922-441
{16F5413207A74B76985063A551441AE3},-9241535654
{FE619DD1B62845BA999B54D45AF15933},-9570047273
{3F2F9268CADC4F10B8CDE4105CC12F44},0334-548-1015
{7B08EB4FE4494CCAB4038213C62C30B5},5.09746E+12
{0F632CFE5D844A5BB0F93F182DAC80D8},5.18847E+12
{4CE6E16F3E2443A699A2998C581F679E},1599-274-301
{3B016BF31A97430A851C9E829693FF53},0755-533-375
{D145575685084321A0B74B4AA2F0C183},-7.68847E+11
{F2BAFC1BC59541A5AFBAB471D45490B0},-7.76042E+11
{7555E3FF031F487EBE078639DEA4118D},-7.83236E+11
{02FEFAF34D9D49EF898BCCA45270F02D},-7.9043E+11
{EC8A2D8F019743769536EF7F191FEAC8},1006-941-347-abc
{62564A92886C46D8A66B1078642DB29C},900794683030-70
{404AFDA278B448229BA20C9F95A0079F},100-628-944
{80B86F8D824B447AA7AF4B32E74C49D7},9577151
{E8F115E0FE8F4AD9A331AF594B0175EC},600-254-330
{40604EFB90BB4F25A883477F508A9D95},73648417--
{0E93EA5220E44016AD33773AB528C574},3990592089-UDF
{1586DC240C7D46529E3790B93F263EE8},20427061-RAMA
{8B1D7835B6A446859779D4F7F5A54230},166-505-542
{9313C1900CCB4C889EA7FFAC401F235C},447233638428-A-B-C-D
{0542145A328746658CA35C219F9B9691},3225997143
{53C4F0DBF254417B81E01BF9D1C6A6C9},244767408778AB-cc-dd-ee
{605CAB65A7984E49BA5650790E7604E3},9989-845-184
{21D5AF8C45A14ED89240A6BCCE192C1D},3789202867
{2F7363B669C442F68F485453B0116F5D},593-907-905
{5BC1446A004E43E2A00E556A6FFFB3B7},5524962689
{4BF5E3D878174B29AF937A7502866EC5},1297-648-590
{EE39E313F0234ECDAD021A996BAD8135},83262829231
{2FC834029E614CC8B3C2BDD8920A377B},2764-922-442
{01422DA465EC4C519501781844D38F1E},-9898558892
{126BD3D2DE3B476883485F4DA0B2DBDF},-10227070511
{9A69F308316F45F9951DF370E7243EE7},0334-548-1016
{D808ED87A39B491599C33A5FECAC333A},5.27949E+12
{183BA3AA1DBA4B6AAFC62D9A45A48B8E},5.3705E+12
{14C05AC2F227497DA005519DA06401E2},1599-274-302
{30A62A3F85BE4541B7059644C9B5CE92},0755-533-376
{EE7A4FDDF41141D7A26257383B05DCA2},-7.97625E+11
{BE806304F2164DF2819F4E26F2D661E7},-8.04819E+11
{03E601E268F446898F7659E7FB8B53D5},-8.12014E+11
{E3F8AFC6B6E24E17ACE0746462B06B8D},-8.19208E+11
{A03126E6933244239AF67E38D16819F3},1006-941-347-abc
{DCE390D4FDFE4052AB1336BB505490A1},900794683030-71
{84D7E11ACB3A401CA950C04415EF7CB9},100-628-945
{E150110069B348C99F84B2A827E5C3A3},9577152
{6CD27EF77C59436091EBA37377EA6266},600-254-331
{E73509A7BB13400DA85373043BF1D774},73648417--
{4054194DAA5346389228372189B3D899},3990592089-UDF
{738BC8EB4A2843D4BE484E9D223D2B28},20427061-RAMA
{C4DC39814D374C489189539CC88351D2},166-505-543
{919351D5DD30432AB3B737E36BD5D938},447233638428-A-B-C-D
{DC4CB120B9F844DCAB7750F476B22182},3225997144
{1DA0510FC2D94DCA927615FCE73FE583},244767408778AB-cc-dd-ee
{06ED749C115B46CE8725CF3D1BB810C9},9989-845-185
DC2D8110F87211E8B5680800200C9A66,3789202868
DC2D8111F87211E8B5680800200C9A66,593-907-906
DC2D8112F87211E8B5680800200C9A66,5524962690
DC2DA820F87211E8B5680800200C9A66,1297-648-591
DC2DA821F87211E8B5680800200C9A66,83262829232
DC2DA822F87211E8B5680800200C9A66,2764-922-443
DC2DA823F87211E8B5680800200C9A66,-10555582130
DC2DA824F87211E8B5680800200C9A66,-10884093749
DC2DA825F87211E8B5680800200C9A66,0334-548-1017
DC2DA826F87211E8B5680800200C9A66,5.46152E+12
DC2DA827F87211E8B5680800200C9A66,5.55253E+12
DC2DA828F87211E8B5680800200C9A66,1599-274-303
DC2DA829F87211E8B5680800200C9A66,0755-533-377
DC2DA82AF87211E8B5680800200C9A66,-8.26403E+11
DC2DA82BF87211E8B5680800200C9A66,-8.33597E+11
DC2DA82CF87211E8B5680800200C9A66,-8.40791E+11
DC2DA82DF87211E8B5680800200C9A66,-8.47986E+11
DC2DA82EF87211E8B5680800200C9A66,1006-941-347-abc
DC2DA82FF87211E8B5680800200C9A66,900794683030-72
DC2DA830F87211E8B5680800200C9A66,100-628-946
DC2DA831F87211E8B5680800200C9A66,9577153
DC2DA832F87211E8B5680800200C9A66,600-254-332
DC2DA833F87211E8B5680800200C9A66,73648417--
DC2DA834F87211E8B5680800200C9A66,3990592089-UDF
DC2DA835F87211E8B5680800200C9A66,20427061-RAMA
DC2DA836F87211E8B5680800200C9A66,166-505-544
DC2DA837F87211E8B5680800200C9A66,447233638428-A-B-C-D
DC2DA838F87211E8B5680800200C9A66,3225997145
DC2DA839F87211E8B5680800200C9A66,244767408778AB-cc-dd-ee
DC2DA83AF87211E8B5680800200C9A66,9989-845-186
DC2DCF30F87211E8B5680800200C9A66,3789202869
DC2DCF31F87211E8B5680800200C9A66,593-907-907
DC2DCF32F87211E8B5680800200C9A66,5524962691
DC2DCF33F87211E8B5680800200C9A66,1297-648-592
DC2DCF34F87211E8B5680800200C9A66,83262829233
DC2DCF35F87211E8B5680800200C9A66,2764-922-444
DC2DCF36F87211E8B5680800200C9A66,-11212605368
DC2DCF37F87211E8B5680800200C9A66,-11541116987
DC2DCF38F87211E8B5680800200C9A66,0334-548-1018
DC2DCF39F87211E8B5680800200C9A66,5.64355E+12
DC2DCF3AF87211E8B5680800200C9A66,5.73456E+12
DC2DCF3BF87211E8B5680800200C9A66,1599-274-304
DC2DCF3CF87211E8B5680800200C9A66,0755-533-378
DC2DCF3DF87211E8B5680800200C9A66,-8.5518E+11
DC2DCF3EF87211E8B5680800200C9A66,-8.62375E+11
DC2DCF3FF87211E8B5680800200C9A66,-8.69569E+11
DC2DCF40F87211E8B5680800200C9A66,-8.76764E+11
DC2DCF41F87211E8B5680800200C9A66,1006-941-347-abc
DC2DCF42F87211E8B5680800200C9A66,900794683030-73
DC2DCF43F87211E8B5680800200C9A66,100-628-947
DC2DCF44F87211E8B5680800200C9A66,9577154
DC2DCF45F87211E8B5680800200C9A66,600-254-333
DC2DCF46F87211E8B5680800200C9A66,73648417--
DC2DCF47F87211E8B5680800200C9A66,3990592089-UDF
DC2DCF48F87211E8B5680800200C9A66,20427061-RAMA
DC2DCF49F87211E8B5680800200C9A66,166-505-545
DC2DCF4AF87211E8B5680800200C9A66,447233638428-A-B-C-D
DC2DF640F87211E8B5680800200C9A66,3225997146
DC2DF641F87211E8B5680800200C9A66,244767408778AB-cc-dd-ee
DC2DF642F87211E8B5680800200C9A66,9989-845-187
DC2DF643F87211E8B5680800200C9A66,3789202870
DC2DF644F87211E8B5680800200C9A66,593-907-908
DC2DF645F87211E8B5680800200C9A66,5524962692
DC2DF646F87211E8B5680800200C9A66,1297-648-593
DC2DF647F87211E8B5680800200C9A66,83262829234
DC2DF648F87211E8B5680800200C9A66,2764-922-445
DC2DF649F87211E8B5680800200C9A66,-11869628606
DC2DF64AF87211E8B5680800200C9A66,-12198140225
DC2DF64BF87211E8B5680800200C9A66,0334-548-1019
DC2DF64CF87211E8B5680800200C9A66,5.82558E+12
DC2DF64DF87211E8B5680800200C9A66,5.91659E+12
DC2DF64EF87211E8B5680800200C9A66,1599-274-305
DC2DF64FF87211E8B5680800200C9A66,0755-533-379
DC2DF650F87211E8B5680800200C9A66,-8.83958E+11
DC2DF651F87211E8B5680800200C9A66,-8.91152E+11
DC2DF652F87211E8B5680800200C9A66,-8.98347E+11
DC2DF653F87211E8B5680800200C9A66,-9.05541E+11
DC2DF654F87211E8B5680800200C9A66,1006-941-347-abc
DC2DF655F87211E8B5680800200C9A66,900794683030-74
DC2DF656F87211E8B5680800200C9A66,100-628-948
DC2DF657F87211E8B5680800200C9A66,9577155
DC2DF658F87211E8B5680800200C9A66,600-254-334
DC2DF659F87211E8B5680800200C9A66,73648417--
DC2DF65AF87211E8B5680800200C9A66,3990592089-UDF
DC2E1D50F87211E8B5680800200C9A66,20427061-RAMA
DC2E1D51F87211E8B5680800200C9A66,166-505-546
DC2E1D52F87211E8B5680800200C9A66,447233638428-A-B-C-D
DC2E1D53F87211E8B5680800200C9A66,3225997147
DC2E1D54F87211E8B5680800200C9A66,244767408778AB-cc-dd-ee
DC2E1D55F87211E8B5680800200C9A66,9989-845-188
DC2E1D56F87211E8B5680800200C9A66,3789202871
DC2E1D57F87211E8B5680800200C9A66,593-907-909
DC2E1D58F87211E8B5680800200C9A66,5524962693
DC2E1D59F87211E8B5680800200C9A66,1297-648-594
DC2E1D5AF87211E8B5680800200C9A66,83262829235
DC2E1D5BF87211E8B5680800200C9A66,2764-922-446
DC2E1D5CF87211E8B5680800200C9A66,-12526651844
DC2E1D5DF87211E8B5680800200C9A66,-12855163463
DC2E1D5EF87211E8B5680800200C9A66,0334-548-1020
DC2E1D5FF87211E8B5680800200C9A66,6.00761E+12
